
insert into users(user_id, password, is_admin) values ('b4oshany', md5('oshany1991'), 1);
insert into users(user_id, password, is_admin) values ('msheather', md5('reecescookies'), 1);
insert into users(user_id, password, is_admin) values ('manboy', md5('aldin92'), 1);
insert into users(user_id, password, is_admin) values ('theteach', md5('kevin123'), 1);
insert into users(user_id, password, is_admin) values ('britts', md5('brittaney'), 1);
insert into users(user_id, password, is_active) values ('tatsoo', md5('tester5'), 1);insert into users(user_id, password, is_active) values ('wowslide', md5('tester6'), 0);insert into users(user_id, password, is_active) values ('kimmie2string', md5('tester7'), 1);insert into users(user_id, password, is_active) values ('shany', md5('tester8'), 0);insert into users(user_id, password, is_active) values ('shottas', md5('tester9'), 1);insert into users(user_id, password, is_active) values ('buckhead', md5('tester10'), 0);insert into users(user_id, password, is_active) values ('ballhead', md5('tester11'), 1);insert into users(user_id, password, is_active) values ('spotters', md5('tester12'), 0);insert into users(user_id, password, is_active) values ('champ', md5('tester13'), 1);insert into users(user_id, password, is_active) values ('chimp', md5('tester14'), 0);insert into users(user_id, password, is_active) values ('swinken', md5('tester15'), 1);
insert into profile(user_id, first_name, last_name, email, dob) values('msheather', 'Heather', 'Recee', 'recees@gmail', '1990/07/15');
insert into profile(user_id, first_name, last_name, email, dob) values('b4oshany', 'Oshane', 'Bailey', 'b4.oshany@gmail', '1991/09/30');
insert into profile(user_id, first_name, last_name, email, dob) values('manboy', 'Aldin', 'Crossdale', 'the.manboy@gmail', '1991/02/07');
insert into profile(user_id, first_name, last_name, email, dob) values('britts', 'Brittaney', 'Bailey', 'britts40@gmail', '1993/02/10');
insert into profile(user_id, first_name, last_name, email, dob) values('theteach', 'Kevin', 'Miller', 'b4.oshany@gmail', '1982/11/09');

insert into profile(user_id, first_name, last_name, email, dob) values('tatsoo', 'aliquam. ', 'eleifend. ', 'mi. @gmail', '2000/7/11');

insert into profile(user_id, first_name, last_name, email, dob) values('wowslide', 'eget. ', 'urna. ', 'nulla. @gmail', '1988/5/23');

insert into profile(user_id, first_name, last_name, email, dob) values('kimmie2string', 'metus. ', 'morbi. ', 'consectetur. @gmail', '1990/12/5');

insert into profile(user_id, first_name, last_name, email, dob) values('shany', 'taciti. ', 'phasellus. ', 'augue. @gmail', '1986/10/20');

insert into profile(user_id, first_name, last_name, email, dob) values('shottas', 'rutrum. ', 'per. ', 'platea. @gmail', '2004/11/12');

insert into profile(user_id, first_name, last_name, email, dob) values('buckhead', 'libero. ', 'per. ', 'nunc. @gmail', '1993/3/18');

insert into profile(user_id, first_name, last_name, email, dob) values('ballhead', 'scelerisque. ', 'praesent. ', 'donec. @gmail', '1990/3/13');

insert into profile(user_id, first_name, last_name, email, dob) values('spotters', 'praesent. ', 'elit. ', 'donec. @gmail', '1994/5/28');

insert into profile(user_id, first_name, last_name, email, dob) values('champ', 'imperdiet. ', 'quisque. ', 'felis. @gmail', '1985/12/22');

insert into profile(user_id, first_name, last_name, email, dob) values('chimp', 'urna. ', 'quisque. ', 'dolor. @gmail', '2001/10/23');

insert into profile(user_id, first_name, last_name, email, dob) values('swinken', 'phasellus. ', 'vitae. ', 'tempus. @gmail', '1998/6/26');

        insert into friend_of(user_id, friend_id, relation) values('msheather','buckhead','relatives');
        
        insert into friend_of(user_id, friend_id, relation) values('theteach','manboy','relatives');
        
        insert into friend_of(user_id, friend_id, relation) values('shottas','b4oshany','relatives');
        
        insert into friend_of(user_id, friend_id, relation) values('spotters','britts','school');
        
        insert into friend_of(user_id, friend_id, relation) values('chimp','b4oshany','work');
        
        insert into friend_of(user_id, friend_id, relation) values('chimp','britts','school');
        
        insert into friend_of(user_id, friend_id, relation) values('chimp','msheather','relatives');
        
        insert into friend_of(user_id, friend_id, relation) values('chimp','manboy','school');
        
        insert into friend_of(user_id, friend_id, relation) values('chimp','theteach','school');
        
        insert into friend_of(user_id, friend_id, relation) values('swinken','kimmie2string','relatives');
        call addPost('b4oshany', 'donec magna quisque tincidunt risus phasellus, lacinia accumsan molestie nulla. ', 'text', 'mollis dictum congue dolor iaculis consequat inceptos consequat nulla leo ullamcorper elit gravida dolor, ligula facilisis ipsum placerat mollis lorem tempus ultrices congue sem sagittis. curae facilisis est pulvinar, ut. ', '');
        call addPost('b4oshany', 'litora aliquet aenean a est aliquam, lorem metus lectus odio. ', 'text', 'sem sagittis urna lacus congue diam venenatis integer potenti placerat urna, ut in aenean adipiscing habitasse morbi eros felis pretium nulla, volutpat imperdiet iaculis amet euismod lacus donec per habitasse. ', '');
        call addPost('b4oshany', 'primis quisque lobortis proin donec suspendisse, magna ac libero id. ', 'text', 'leo quisque pulvinar eu lorem vulputate nullam lacinia vulputate fringilla eros, laoreet volutpat senectus dictumst habitant auctor quam suspendisse molestie elementum, consequat potenti non vivamus lorem orci rutrum eu himenaeos. ', '');
        call addPost('b4oshany', 'risus nisl quisque curae, leo ligula curabitur commodo, ullamcorper tempus. ', 'text', 'est congue porta tincidunt vitae diam integer phasellus primis hac mattis, nullam bibendum curabitur blandit senectus nibh luctus auctor interdum nam, commodo etiam lacus class senectus mollis volutpat iaculis placerat. ', '');
        call addPost('b4oshany', 'per nisl egestas donec aliquam morbi, suspendisse aenean magna diam. ', 'text', 'gravida rhoncus fermentum cras malesuada consequat enim justo, blandit platea ante dui primis nibh sit, eu sollicitudin luctus leo ac vivamus. suspendisse pellentesque vulputate accumsan quisque viverra, aenean interdum dictumst. ', '');
        call addPost('b4oshany', 'litora duis id sit elementum eget, felis est dolor duis. ', 'text', 'porta cubilia vestibulum convallis sapien habitasse et fusce, libero fermentum non curabitur ornare dapibus donec maecenas, nulla viverra urna eget magna aenean. amet rhoncus urna ut in, vivamus congue dolor. ', '');
        call addPost('b4oshany', 'fringilla nec justo maecenas fringilla ornare, a massa torquent sociosqu. ', 'text', 'litora vitae elit hendrerit dictumst pellentesque placerat phasellus lacus potenti id rhoncus felis, nam vitae felis senectus aenean hendrerit aliquet nisi interdum dapibus. faucibus ut id conubia lacus, aliquam libero. ', '');
        call addPost('b4oshany', 'primis tempus adipiscing pellentesque dapibus auctor, platea in non ut. ', 'text', 'odio rutrum non tellus eu ut varius cras habitasse lectus nisl, erat nostra convallis curabitur est porta adipiscing tortor. sollicitudin erat sit placerat per vivamus quam, ornare id lorem at. ', '');
        call addPost('b4oshany', 'mollis varius suspendisse diam quis pharetra, enim quisque eleifend consequat. ', 'text', 'gravida cubilia convallis tempus aliquet placerat justo consequat tempor, quisque egestas bibendum gravida porta aptent etiam lorem, magna ut neque fusce aliquam turpis netus. in massa mollis ultricies, nisi dui. ', '');
        call addPost('b4oshany', 'aptent lorem etiam enim erat curabitur, accumsan in sollicitudin eros. ', 'text', 'fringilla pretium litora ultricies sodales orci vestibulum consequat tellus habitant, egestas ut erat faucibus lorem sodales hac lacinia, nec euismod suscipit donec ac class viverra aptent. ultricies per volutpat, pretium. ', '');
        call addPost('britts', 'curabitur leo ut taciti cras fringilla, est sagittis sed in. ', 'text', 'gravida quisque rutrum nisi feugiat sem quisque nulla, tempus orci fames aliquam luctus at imperdiet integer, faucibus morbi mi ligula etiam porttitor. class scelerisque etiam lacus suscipit, etiam adipiscing et. ', '');
        call addPost('britts', 'mauris aenean litora euismod interdum ad, viverra taciti laoreet sed. ', 'text', 'interdum elit dictumst vitae nec blandit nullam faucibus accumsan eu aptent, class quis nisi praesent etiam sapien bibendum tempus id ultrices, sodales fermentum molestie risus condimentum morbi ullamcorper amet dictum. ', '');
        call addPost('britts', 'sapien dui cursus semper phasellus sodales, iaculis at turpis vel. ', 'text', 'id turpis imperdiet tempor sociosqu volutpat ut, donec tincidunt purus sem tortor litora ornare, gravida fringilla auctor pharetra vulputate. ante in lectus adipiscing ullamcorper in id, nulla lacus posuere aptent. ', '');
        call addPost('britts', 'venenatis egestas ut amet ligula tempus, gravida dui vestibulum lacus. ', 'text', 'laoreet viverra venenatis pulvinar libero justo consequat litora metus vestibulum, rhoncus malesuada id per cras egestas ut lectus, cras feugiat congue aenean curabitur lacus velit cras. fames torquent ultrices, ipsum. ', '');
        call addPost('britts', 'neque ornare lacinia at, commodo aenean venenatis cras, curae ultrices. ', 'text', 'ut ornare vel quisque faucibus ante inceptos himenaeos netus quisque, consequat feugiat himenaeos a velit placerat etiam libero, rhoncus metus mi enim ut mi porttitor cursus. quam nulla sed, sapien. ', '');
        call addPost('britts', 'id mollis amet pellentesque fermentum consectetur, molestie aliquam nam suscipit. ', 'text', 'integer torquent tellus a erat fusce cursus hendrerit nisl rutrum, proin vivamus hac proin posuere ut magna odio. rhoncus varius vestibulum ad quam, urna per sociosqu vehicula, sodales diam etiam. ', '');
        call addPost('britts', 'condimentum placerat iaculis posuere nisl ut, inceptos in maecenas scelerisque. ', 'text', 'tellus varius amet velit malesuada aliquam etiam odio arcu augue vitae dolor, gravida faucibus dictum volutpat vehicula quisque etiam potenti massa. semper at mattis aenean nec aliquet, pharetra aliquam curae. ', '');
        call addPost('britts', 'himenaeos consequat ut eget suspendisse phasellus, dui praesent est tempus. ', 'text', 'inceptos erat nam mattis cursus condimentum luctus odio elit imperdiet, magna quisque est turpis dui commodo mollis cursus, lectus ut senectus vivamus leo curabitur in lacus. leo erat praesent, maecenas. ', '');
        call addPost('britts', 'aenean himenaeos tempor tellus dictumst netus, erat vestibulum curae eget. ', 'text', 'curabitur sapien quam tempus nunc hendrerit commodo scelerisque dapibus litora elit, nisl vitae quam eleifend inceptos proin vitae ac adipiscing venenatis, bibendum duis pulvinar nisi imperdiet interdum cursus malesuada id. ', '');
        call addPost('britts', 'elementum cras aliquam tincidunt euismod quam, volutpat potenti viverra a. ', 'text', 'ornare vivamus ipsum pulvinar lectus aenean pellentesque id netus mattis himenaeos, adipiscing sagittis ad molestie amet donec amet nulla velit imperdiet, dui egestas conubia consectetur mi ut accumsan pellentesque mattis. ', '');
        call addPost('msheather', 'sed odio mi orci, nisl magna aliquet rhoncus, eu fermentum. ', 'text', 'sociosqu vivamus euismod venenatis tempor quisque vivamus fames sagittis ultrices pulvinar, dolor nullam eros mauris justo aenean habitant habitasse quis orci, malesuada nostra mi ultrices est tempus turpis dapibus blandit. ', '');
        call addPost('msheather', 'nostra urna porttitor ultricies id euismod, class nullam sollicitudin nostra. ', 'text', 'scelerisque nunc mollis etiam porta dolor venenatis risus tortor orci himenaeos porttitor mollis class, eros accumsan praesent cursus mollis id venenatis enim fermentum quisque nullam orci. senectus varius in, donec. ', '');
        call addPost('msheather', 'posuere pulvinar molestie odio libero ut, quisque adipiscing cursus curabitur. ', 'text', 'semper himenaeos fames rhoncus lacinia sociosqu ad libero eleifend ullamcorper pharetra morbi orci, quisque adipiscing suscipit netus congue inceptos auctor in ad nibh elit. mattis placerat facilisis duis, blandit semper. ', '');
        call addPost('msheather', 'vehicula erat enim eget porta dictum, nostra aenean porttitor nunc. ', 'text', 'aenean hac auctor et ut vestibulum venenatis sodales mauris pharetra ad quisque nunc sagittis, id convallis semper sem habitasse ultricies aptent proin bibendum sem vehicula. aliquet porta velit aliquam, sit. ', '');
        call addPost('msheather', 'odio ut viverra metus, sed metus litora sodales, vel class. ', 'text', 'adipiscing auctor eleifend ornare aptent ipsum odio metus purus mi tempus, nullam faucibus ac blandit venenatis metus diam morbi mattis nunc, etiam rhoncus est senectus aliquet maecenas rhoncus aenean aptent. ', '');
        call addPost('msheather', 'aliquet tempus sollicitudin tortor tincidunt curae, sed vitae quam dictum. ', 'text', 'adipiscing sagittis habitasse congue dolor porttitor facilisis, lobortis interdum varius enim tincidunt, consectetur ac nisi amet porttitor. ut mollis massa quisque eleifend hac placerat dictum, elementum habitant morbi etiam semper. ', '');
        call addPost('msheather', 'egestas faucibus dapibus venenatis ac rhoncus, ut gravida etiam dictumst. ', 'text', 'mauris egestas commodo nec pellentesque condimentum quisque lobortis, pellentesque mattis auctor posuere vulputate tortor justo eleifend, varius pellentesque vehicula ac ut quis. dictumst dui conubia tortor quam, magna pulvinar nec. ', '');
        call addPost('msheather', 'neque torquent mauris vitae aliquam rhoncus, nunc est eu elit. ', 'text', 'platea leo etiam inceptos condimentum tortor dictumst fames lacus vitae, mi laoreet vestibulum lacinia nec lectus felis morbi. felis massa ligula dictum vivamus inceptos congue, praesent convallis conubia auctor luctus. ', '');
        call addPost('msheather', 'etiam per cras semper vitae ultrices, ullamcorper vel volutpat potenti. ', 'text', 'vivamus enim sollicitudin sagittis habitasse aenean purus aliquam ultrices etiam ipsum, per vivamus cursus adipiscing justo bibendum fames nec placerat ligula, ultricies erat elit tellus metus eleifend nec sodales massa. ', '');
        call addPost('msheather', 'sociosqu etiam sit suscipit nisi varius, cursus ut quam vestibulum. ', 'text', 'auctor est id potenti suscipit tincidunt proin cubilia fringilla netus odio, aliquam facilisis sagittis turpis enim libero non aptent interdum sollicitudin, imperdiet congue dolor porttitor luctus molestie vulputate mauris congue. ', '');
        call addPost('manboy', 'quisque sagittis primis mauris pellentesque fringilla, per magna velit etiam. ', 'text', 'per blandit pellentesque tempus placerat nulla auctor hendrerit quisque est, pretium fermentum lobortis venenatis ante massa fermentum. convallis odio cras leo justo accumsan pulvinar luctus, ultricies venenatis curabitur tristique fringilla. ', '');
        call addPost('manboy', 'ad cursus blandit suspendisse, adipiscing eleifend etiam quisque, ad donec. ', 'text', 'quisque dui a adipiscing taciti at lobortis, cubilia nec amet lectus nulla maecenas consectetur, eros ut torquent magna tellus. senectus commodo gravida purus leo habitasse blandit, odio commodo vel sodales. ', '');
        call addPost('manboy', 'aliquam ligula facilisis morbi, scelerisque a lobortis ante, rhoncus orci. ', 'text', 'integer interdum vivamus ullamcorper leo per facilisis sodales non feugiat porttitor aliquam ipsum, etiam dictumst varius nunc odio posuere eget nibh praesent est id. velit himenaeos et pulvinar, egestas laoreet. ', '');
        call addPost('manboy', 'in mauris lectus venenatis vel curabitur, interdum nisi faucibus potenti. ', 'text', 'fusce ad tempor aliquam tempus rutrum cursus eleifend, placerat senectus enim a sollicitudin quis praesent, cubilia lobortis nunc tellus eros conubia. quam cubilia proin varius praesent ipsum, fermentum nisl platea. ', '');
        call addPost('manboy', 'sed ac conubia ornare dapibus diam, cras ligula bibendum nulla. ', 'text', 'non eleifend torquent phasellus elementum lorem quam id urna ac dolor condimentum urna, conubia habitant at porta ut quam porta libero ornare taciti ante. consectetur potenti vehicula commodo, pulvinar iaculis. ', '');
        call addPost('manboy', 'magna himenaeos varius iaculis feugiat integer, tristique curabitur euismod laoreet. ', 'text', 'fringilla odio consequat lacus ac potenti venenatis posuere ante hendrerit metus, ultrices viverra pellentesque auctor donec accumsan risus suscipit ante vivamus, cubilia metus senectus eu per aptent varius mauris volutpat. ', '');
        call addPost('manboy', 'vehicula fringilla quisque praesent turpis habitant, placerat rutrum aptent sed. ', 'text', 'praesent justo convallis laoreet litora tempus ligula fermentum, lorem venenatis commodo auctor laoreet porta. sapien litora mauris sit orci non, tristique rutrum neque quisque dapibus ornare, est senectus interdum commodo. ', '');
        call addPost('manboy', 'tellus habitant metus nunc erat neque, curae aptent porttitor blandit. ', 'text', 'ultrices consequat sed id nec aenean massa ac hendrerit, ullamcorper magna platea senectus mauris sit mauris posuere feugiat, sagittis etiam cubilia euismod nostra mi lacus. ligula luctus commodo nostra, lobortis. ', '');
        call addPost('manboy', 'class primis arcu consequat, condimentum velit potenti nisl, taciti erat. ', 'text', 'potenti vehicula mauris per neque non augue quam arcu duis etiam fermentum interdum quisque luctus sodales, massa inceptos conubia lacus ad dictum amet consequat nisi ullamcorper condimentum litora augue hac. ', '');
        call addPost('manboy', 'euismod taciti eleifend nisi curabitur eros, primis curabitur nam porta. ', 'text', 'pellentesque orci porttitor accumsan amet porttitor per imperdiet risus ullamcorper torquent, elit ipsum ultricies at viverra habitant non iaculis tortor taciti, consectetur interdum et tempor class varius cras vel fringilla. ', '');
        call addPost('theteach', 'semper venenatis egestas nam enim orci, mi non tristique vel. ', 'text', 'hendrerit aliquet cras libero aliquet elementum consequat posuere cubilia, praesent scelerisque fames varius eleifend potenti senectus, dolor faucibus morbi et habitasse tincidunt senectus. odio est leo nec risus, senectus nisi. ', '');
        call addPost('theteach', 'arcu consequat arcu felis nec senectus, fusce habitant elementum cubilia. ', 'text', 'massa tristique diam nostra sodales consectetur urna dolor suscipit ligula habitasse, integer ullamcorper inceptos suspendisse quis bibendum suspendisse id sociosqu vel, sagittis curabitur sodales vitae ut conubia mollis mauris aliquet. ', '');
        call addPost('theteach', 'aenean curabitur id quisque vulputate nullam, primis venenatis justo neque. ', 'text', 'commodo eleifend curae est nec fusce vulputate viverra condimentum, ornare torquent a orci nulla cubilia feugiat porta, placerat volutpat nec molestie enim sem pellentesque. dictumst mi laoreet aenean, aliquam egestas. ', '');
        call addPost('theteach', 'laoreet urna libero neque, faucibus netus egestas diam, at tristique. ', 'text', 'habitasse gravida nulla quisque ac curabitur nisl sit, purus nec neque gravida libero eleifend enim magna, porta eleifend commodo fringilla porta enim. suscipit himenaeos tellus euismod fusce, vulputate nunc diam. ', '');
        call addPost('theteach', 'cursus placerat lacinia sem urna aenean, maecenas praesent conubia nibh. ', 'text', 'ut venenatis nec morbi potenti dictum primis netus tellus ligula, fames vitae turpis non quam habitant consequat habitasse, fames quam lorem curabitur arcu sodales id sagittis. morbi lorem phasellus, condimentum. ', '');
        call addPost('theteach', 'dapibus eget massa etiam, in nostra dolor nec, aliquam ac. ', 'text', 'tempor aliquet volutpat bibendum consequat eros torquent consequat, platea quis posuere fringilla lacinia proin, metus luctus purus sodales sit massa. eleifend pellentesque aliquam fermentum mauris eros, tempus quam massa nostra. ', '');
        call addPost('theteach', 'enim ante pulvinar malesuada placerat nulla, vehicula libero lectus euismod. ', 'text', 'duis ac sodales turpis aliquam ut erat aenean amet, proin condimentum sit feugiat habitasse senectus duis, nisl elementum inceptos consectetur ac erat sed. nec et metus iaculis elementum, et ornare. ', '');
        call addPost('theteach', 'bibendum odio viverra lacinia consectetur id, porta cubilia orci aenean. ', 'text', 'proin taciti laoreet ante nisi etiam luctus varius, lacus lacinia condimentum tristique praesent ad, id praesent lacus faucibus justo vitae. consectetur orci adipiscing a dapibus urna, nullam mollis dictumst massa. ', '');
        call addPost('theteach', 'nisl sodales ut tristique vitae nulla, a aptent phasellus sapien. ', 'text', 'aenean accumsan bibendum enim litora conubia sapien quam quisque aenean, himenaeos quis semper volutpat sollicitudin odio vivamus orci, aenean eget ante luctus neque per integer curabitur. etiam est class, sodales. ', '');
        call addPost('theteach', 'ut nisi mollis libero nisl cubilia, cursus adipiscing nullam lacinia. ', 'text', 'facilisis praesent tempor commodo tortor vitae nec urna, libero vestibulum fermentum netus sapien volutpat molestie, curabitur sed pulvinar cras vitae sociosqu. etiam sapien aenean felis justo amet, adipiscing curabitur luctus. ', '');
        call addPost('tatsoo', 'duis dictum aliquam ullamcorper accumsan blandit, praesent nisi amet urna. ', 'text', 'curae molestie per dapibus scelerisque metus per at odio nunc cubilia, mauris egestas metus suspendisse consectetur tristique venenatis cras aliquet cursus, aliquam pulvinar quisque laoreet ornare phasellus morbi vel vulputate. ', '');
        call addPost('tatsoo', 'porttitor est sollicitudin metus, inceptos nibh elementum dui, quisque ad. ', 'text', 'rutrum tempor morbi vivamus pretium bibendum ultricies sed, dui nisi malesuada eu lacinia libero, per placerat pharetra vestibulum luctus elementum vitae, nulla mattis urna eget nunc. et viverra posuere, erat. ', '');
        call addPost('tatsoo', 'ornare gravida vehicula per dui sodales, fringilla commodo eget enim. ', 'text', 'venenatis sociosqu non et ipsum eu vestibulum ad curabitur quis nisl, sed ac sodales egestas ornare vel ipsum fames vestibulum odio, ut non morbi curae orci senectus nisl eu dictum. ', '');
        call addPost('tatsoo', 'lacinia ad condimentum commodo inceptos eget, a tempor fames vestibulum. ', 'text', 'quis sodales gravida ante vivamus ultricies quis duis blandit nullam primis, accumsan fames quis ullamcorper mattis quam tortor vehicula vulputate a, ut vestibulum sodales aliquam mi velit rutrum curabitur velit. ', '');
        call addPost('tatsoo', 'at nisl dapibus iaculis risus vivamus, erat nisl felis sem. ', 'text', 'id ultrices eu euismod donec nec est dictum in eleifend malesuada, consectetur euismod odio faucibus platea habitant ipsum luctus feugiat tortor, habitant himenaeos condimentum turpis nibh magna ullamcorper suscipit magna. ', '');
        call addPost('tatsoo', 'felis ante dui quisque in non, mattis platea aliquam odio. ', 'text', 'posuere nulla ligula aenean varius urna amet sem etiam id pharetra sagittis felis lectus ullamcorper eleifend, quisque elementum consequat sapien nisi hendrerit consequat ligula sodales sit nostra velit egestas semper. ', '');
        call addPost('tatsoo', 'mattis inceptos praesent curabitur arcu quis, risus commodo ullamcorper tincidunt. ', 'text', 'orci etiam aenean integer tincidunt condimentum quam nisl donec auctor cubilia ligula, netus arcu justo class nisl urna facilisis orci suscipit fusce. quis rutrum taciti netus dui, placerat eros augue. ', '');
        call addPost('tatsoo', 'eget nam etiam torquent euismod sapien, hendrerit nunc enim senectus. ', 'text', 'porttitor donec ut iaculis tellus pharetra vestibulum litora nibh elementum platea, eget vulputate ut commodo cras ornare mi taciti. aliquet erat justo aenean erat elementum integer, nulla lacinia gravida sed. ', '');
        call addPost('tatsoo', 'non ullamcorper suscipit faucibus curae magna, sed aptent dictumst tristique. ', 'text', 'ullamcorper urna massa condimentum proin libero tortor habitant vulputate dictumst lacinia, gravida faucibus ullamcorper porta est fermentum donec mattis rutrum dapibus, fringilla euismod fusce quis vestibulum potenti auctor ligula interdum. ', '');
        call addPost('tatsoo', 'nibh pellentesque tellus lobortis aliquam placerat, taciti eros leo neque. ', 'text', 'posuere justo himenaeos sapien aliquam fusce blandit aptent semper bibendum, lectus sagittis torquent sit auctor laoreet gravida tempus. quisque morbi nam adipiscing sed, elit sit ornare amet, diam a arcu. ', '');
        call addPost('wowslide', 'ac iaculis in ipsum tellus ultrices, rhoncus litora mi felis. ', 'text', 'dictum congue dolor donec lorem faucibus ullamcorper pulvinar vehicula praesent fusce, cras curae sodales eget molestie ac lacus id eu interdum, vitae hac aenean proin suspendisse sociosqu condimentum ipsum quisque. ', '');
        call addPost('wowslide', 'habitant curae posuere elementum tellus accumsan, proin netus velit enim. ', 'text', 'sed lobortis etiam curabitur euismod curabitur risus viverra euismod, velit quam placerat consequat platea elementum fringilla luctus nam, erat quisque curabitur accumsan libero duis cubilia. morbi pellentesque dictum et, id. ', '');
        call addPost('wowslide', 'praesent semper odio hac convallis vehicula, malesuada odio nibh praesent. ', 'text', 'proin ut facilisis arcu molestie integer etiam lorem tellus, phasellus nec at amet morbi augue curae aliquam, curabitur id potenti fringilla sociosqu ut aliquam. amet gravida vulputate rutrum, commodo justo. ', '');
        call addPost('wowslide', 'porta curae praesent aptent quisque ante, ac pharetra lacus sodales. ', 'text', 'scelerisque cubilia ultrices aliquam id vivamus potenti adipiscing magna aenean id, potenti semper etiam sociosqu nulla curabitur pharetra vehicula fringilla aenean, rutrum cursus tristique nunc aenean elit ultricies convallis quisque. ', '');
        call addPost('wowslide', 'pellentesque per vehicula erat, dictum class curae dictumst, quis at. ', 'text', 'at litora tellus adipiscing lorem velit amet per blandit, cubilia vestibulum diam curabitur viverra elit enim eleifend class, quis adipiscing ante conubia in consectetur per. pulvinar etiam aptent mollis, id. ', '');
        call addPost('wowslide', 'sem aliquet maecenas mattis volutpat laoreet, vivamus sociosqu hac aenean. ', 'text', 'aliquet morbi aliquet euismod sodales aliquam facilisis aenean pellentesque elementum non, felis integer imperdiet tristique sem euismod curae non dictum molestie, viverra massa congue accumsan lacus sed habitasse senectus etiam. ', '');
        call addPost('wowslide', 'viverra semper id mi potenti fringilla, at curabitur aptent semper. ', 'text', 'orci amet sociosqu phasellus eu porta potenti viverra fusce est conubia habitasse eu, torquent blandit felis ligula class nostra amet hac lectus porttitor. consequat dui viverra varius gravida, adipiscing aenean. ', '');
        call addPost('wowslide', 'ultrices donec quisque mi donec taciti, feugiat erat sit vivamus. ', 'text', 'sociosqu convallis in porta pretium ligula libero egestas, ac varius nam curabitur venenatis lacinia eget, vehicula quis eleifend curabitur tortor nec. sociosqu lacus facilisis sit enim eget, velit dictum purus. ', '');
        call addPost('wowslide', 'est sagittis potenti maecenas, mattis est quam suscipit, est dolor. ', 'text', 'elit ut primis mollis tempor himenaeos donec convallis, tempus senectus torquent sed posuere fringilla convallis praesent, tortor faucibus porttitor nibh libero volutpat. diam torquent integer ullamcorper eleifend, massa euismod dui. ', '');
        call addPost('wowslide', 'vulputate cubilia lacinia diam molestie gravida, leo at curae ut. ', 'text', 'elementum ligula in velit non ullamcorper inceptos facilisis amet, nostra phasellus facilisis gravida curae platea auctor justo porta, himenaeos taciti sagittis pellentesque dictum fames dictumst. habitant conubia velit nam, tortor. ', '');
        call addPost('kimmie2string', 'justo tempor egestas maecenas suscipit quisque, dolor aptent metus class. ', 'text', 'vulputate luctus accumsan habitant sed at fermentum risus taciti senectus, elementum ac potenti dui et aliquam ante nisl, fusce consequat convallis elementum neque netus etiam posuere. rhoncus donec quis, mi. ', '');
        call addPost('kimmie2string', 'tellus fames fusce ante, tempus cursus hac elementum, fermentum nisl. ', 'text', 'luctus netus curabitur vehicula quisque semper, sem fusce faucibus aliquam, morbi vehicula senectus integer. tristique mauris lorem quisque quis praesent, etiam vestibulum nisi adipiscing lobortis platea, hac justo interdum quam. ', '');
        call addPost('kimmie2string', 'cras eros tempor vel, malesuada sit vestibulum curae, curabitur etiam. ', 'text', 'nec et netus laoreet nunc ad tempor pellentesque erat per sed orci dictumst nec, ullamcorper lorem porta orci bibendum at orci metus class gravida elit. nulla tincidunt ligula nostra, consequat. ', '');
        call addPost('kimmie2string', 'molestie varius curabitur justo non convallis, nunc accumsan leo aenean. ', 'text', 'congue aliquam id maecenas conubia dolor etiam orci egestas tincidunt nibh, sit molestie quisque imperdiet donec inceptos rhoncus libero tellus facilisis, eros etiam torquent tempor nec platea porttitor morbi maecenas. ', '');
        call addPost('kimmie2string', 'porta neque aptent risus tempor nullam, sodales ante egestas felis. ', 'text', 'faucibus duis scelerisque consectetur felis aenean sodales amet blandit ultrices mattis arcu rutrum etiam aptent nisl, nostra inceptos vulputate accumsan sagittis tristique molestie lectus eget venenatis vel vestibulum laoreet potenti. ', '');
        call addPost('kimmie2string', 'quis semper netus posuere litora ultricies, potenti nibh malesuada lacus. ', 'text', 'dictumst consectetur metus dictumst maecenas ultricies mollis torquent sed ultrices, tempus morbi viverra porta cubilia aliquam ut at, gravida diam fringilla curae porttitor ipsum dictumst lacus. placerat curae metus, quam. ', '');
        call addPost('kimmie2string', 'placerat mollis velit sagittis elit dictum, consequat lorem lacus neque. ', 'text', 'quam consequat turpis facilisis massa porttitor himenaeos amet sagittis placerat, habitant in lorem iaculis ultricies ad eleifend consequat, himenaeos viverra vestibulum dui vulputate eleifend sagittis consectetur. habitant pulvinar suspendisse, a. ', '');
        call addPost('kimmie2string', 'ligula primis senectus mollis aliquam nam, fringilla diam primis urna. ', 'text', 'interdum potenti aenean hac lorem eu sit hendrerit pulvinar, semper dui ante ipsum consectetur ultricies fames feugiat, mi gravida lobortis iaculis ante nam purus. ullamcorper aenean pharetra consectetur, hendrerit odio. ', '');
        call addPost('kimmie2string', 'purus commodo duis fusce nisl purus, donec maecenas non aliquam. ', 'text', 'dui vehicula metus tincidunt phasellus scelerisque accumsan commodo platea proin elit, dui himenaeos semper velit ligula faucibus viverra ut interdum vestibulum, aenean orci vivamus semper ornare cras inceptos semper nunc. ', '');
        call addPost('kimmie2string', 'etiam primis facilisis accumsan habitasse cubilia, aliquet tempus laoreet quisque. ', 'text', 'torquent taciti tempus ultrices conubia vel euismod litora, aptent litora phasellus habitasse eros facilisis pharetra convallis, etiam tempor aenean non aliquet aptent. sociosqu sagittis mauris aliquam aenean, nam vivamus nostra. ', '');
        call addPost('shany', 'non congue senectus bibendum, nisi diam donec curabitur, molestie pellentesque. ', 'text', 'malesuada fringilla elementum eros aenean class dictum primis suscipit elementum enim, torquent blandit lacus libero commodo donec curabitur est mauris sagittis, cras nam integer tincidunt varius nec orci et etiam. ', '');
        call addPost('shany', 'netus commodo quisque cubilia venenatis aliquam, habitant orci faucibus cubilia. ', 'text', 'quisque tempus euismod orci pretium nulla phasellus, etiam aenean praesent orci lacus, nec congue vitae sit etiam. bibendum dui sodales mattis litora, phasellus dapibus eros eget cursus, metus tellus dui. ', '');
        call addPost('shany', 'senectus felis velit tempor pretium ligula, pulvinar ut per cursus. ', 'text', 'conubia placerat est erat nec nullam imperdiet mauris libero donec vitae, at et mattis curae eleifend tempus egestas consectetur. est nam viverra molestie et vehicula rhoncus, primis vehicula et auctor. ', '');
        call addPost('shany', 'placerat dui nunc sit platea tellus, inceptos facilisis quam interdum. ', 'text', 'nibh mattis nam nunc non eleifend est ipsum mattis auctor proin purus nisi ultrices fusce urna, aenean aliquam risus consequat vehicula aenean nulla ullamcorper ac potenti ultrices justo augue vehicula. ', '');
        call addPost('shany', 'porta tincidunt est nam, pharetra pellentesque tincidunt quisque, pulvinar auctor. ', 'text', 'a euismod blandit sit in sollicitudin, fringilla pellentesque himenaeos lobortis ligula consequat, ante non venenatis posuere. elit consequat nulla commodo nibh nulla, congue volutpat purus fusce, sem quisque consequat dui. ', '');
        call addPost('shany', 'metus mauris varius per gravida pellentesque, nullam eu aptent nunc. ', 'text', 'conubia tellus tristique mi ad imperdiet tempus ornare nibh, laoreet urna vehicula sit cursus etiam orci ut eleifend, nec nulla habitasse malesuada inceptos dui risus. non vehicula non odio, velit. ', '');
        call addPost('shany', 'augue suspendisse lacinia et lorem placerat, ornare tortor dapibus blandit. ', 'text', 'lectus iaculis vivamus tempor at sem etiam, proin quisque gravida ut libero rhoncus tincidunt, malesuada augue felis nullam porta. erat nisi iaculis vehicula aenean lacinia integer, ornare dapibus potenti felis. ', '');
        call addPost('shany', 'suspendisse hac non eget hac pharetra, sociosqu consectetur primis aptent. ', 'text', 'mauris imperdiet ut torquent tempor metus ullamcorper, ante ullamcorper tincidunt elementum libero viverra, nulla aptent aliquam congue cursus. metus porttitor cursus dui ultricies morbi sociosqu, lacus varius ut habitasse nostra. ', '');
        call addPost('shany', 'etiam ante tellus maecenas, ultricies tellus aliquet vulputate, ac imperdiet. ', 'text', 'etiam enim congue adipiscing habitasse fringilla fusce tellus libero sociosqu malesuada, feugiat conubia mollis volutpat habitasse hendrerit pulvinar enim feugiat dictumst, consectetur curae tortor convallis litora vel gravida fermentum urna. ', '');
        call addPost('shany', 'eu quisque faucibus a, justo metus luctus morbi, luctus facilisis. ', 'text', 'molestie orci consectetur elit elementum dui habitasse, placerat ipsum ornare orci pulvinar fames proin, fermentum aenean nibh leo amet. habitant pharetra eleifend aenean tristique amet mattis, sem velit cursus vel. ', '');
        call addPost('shottas', 'risus quisque ut amet commodo nostra, ante dictumst primis imperdiet. ', 'text', 'tempus inceptos condimentum consectetur libero class feugiat, tempor scelerisque in erat tortor sapien posuere, varius ultricies nisi per fusce. semper nulla sem mattis eget nullam suspendisse, odio adipiscing ac sed. ', '');
        call addPost('shottas', 'sem tellus ipsum molestie varius ut, porta massa nam ut. ', 'text', 'curabitur aliquam urna fermentum habitasse nostra dapibus class in vulputate vestibulum, augue id aenean phasellus placerat torquent duis ut phasellus enim, dapibus erat non phasellus nisi torquent primis magna sapien. ', '');
        call addPost('shottas', 'laoreet metus ad curabitur suscipit pellentesque, egestas tempor aliquet malesuada. ', 'text', 'eu consectetur ut suscipit himenaeos dolor per eget in sem id, donec lectus viverra consequat per inceptos donec aenean consequat mollis, nulla ornare sit mattis vestibulum aenean etiam scelerisque ornare. ', '');
        call addPost('shottas', 'sagittis pulvinar rhoncus aliquet non proin, pulvinar odio elementum conubia. ', 'text', 'quam phasellus non habitasse class mauris justo lacinia cursus, facilisis ultricies libero sollicitudin euismod amet donec enim, faucibus dictum sodales lectus faucibus phasellus cursus. aliquam fringilla odio amet, magna nulla. ', '');
        call addPost('shottas', 'pretium erat conubia consequat tempor curae, purus lectus lacinia in. ', 'text', 'aenean sagittis sollicitudin imperdiet orci nam suspendisse sociosqu erat felis, nisl ante curabitur ornare consequat sed ut. proin viverra primis conubia id quam et potenti, conubia aliquam hac senectus amet. ', '');
        call addPost('shottas', 'aenean per odio pretium dictumst congue, augue lobortis pharetra nostra. ', 'text', 'cubilia etiam molestie lorem consectetur consequat rhoncus pretium, consectetur cursus quis donec varius egestas urna nibh, conubia at lectus eros habitasse dictum. nisl augue ad potenti nisi, arcu metus elit. ', '');
        call addPost('shottas', 'suspendisse orci elit class in donec, sapien elit lacus felis. ', 'text', 'morbi habitant elementum litora praesent nam faucibus ultricies in vestibulum nostra, adipiscing proin ultrices viverra aliquet accumsan ultrices cubilia cursus nibh, nisi dictumst nam sagittis nostra dictum neque rutrum varius. ', '');
        call addPost('shottas', 'primis quisque imperdiet nullam est tellus, eu ultricies himenaeos mattis. ', 'text', 'pharetra aenean mattis hac mauris aenean conubia posuere bibendum curabitur luctus, mauris odio lacus curabitur placerat tincidunt aenean ad dapibus at, ultrices praesent suscipit class aliquam per convallis vel gravida. ', '');
        call addPost('shottas', 'sollicitudin leo augue suspendisse vivamus lacinia, quis platea rutrum maecenas. ', 'text', 'cursus habitasse sociosqu scelerisque porttitor amet metus per metus, pulvinar elementum est ligula tellus dapibus congue in, urna sociosqu odio curabitur morbi metus consectetur. ligula tellus ad fringilla, etiam rhoncus. ', '');
        call addPost('shottas', 'sit himenaeos dictumst sollicitudin maecenas mi, lorem sed ultrices enim. ', 'text', 'tempor tortor ornare potenti quisque ultricies etiam non vitae, fringilla duis lacus bibendum in rhoncus bibendum tellus, felis tempus et habitasse consectetur morbi justo. auctor consequat viverra turpis, vivamus vestibulum. ', '');
        call addPost('buckhead', 'lorem sed tristique senectus laoreet gravida, netus elit felis ullamcorper. ', 'text', 'pretium bibendum feugiat iaculis orci pharetra habitasse lorem viverra ac nisl, nam eleifend leo class urna quam nostra nec mauris sociosqu, platea velit elementum vehicula rutrum litora mauris pharetra sapien. ', '');
        call addPost('buckhead', 'curabitur aenean potenti posuere netus consequat, urna taciti risus cras. ', 'text', 'fringilla dapibus nec conubia felis tristique proin viverra quisque a aliquet, auctor mi dictum ullamcorper aenean sociosqu primis potenti habitant fames, eros mattis eu interdum fermentum curae ut enim morbi. ', '');
        call addPost('buckhead', 'orci iaculis velit lacinia, non varius nostra curae, eu varius. ', 'text', 'laoreet platea varius interdum placerat eu massa quis varius sociosqu lorem, ullamcorper vel condimentum sollicitudin aenean elit nunc magna sollicitudin dolor, non lacinia integer volutpat porttitor suscipit praesent nam aptent. ', '');
        call addPost('buckhead', 'nibh faucibus semper nibh eleifend proin, velit nam et accumsan. ', 'text', 'rhoncus ornare metus dolor diam tempus neque malesuada iaculis, tincidunt etiam feugiat fermentum et tristique vestibulum aliquam, suscipit lacus odio nisl donec etiam et. posuere laoreet ornare torquent, platea eget. ', '');
        call addPost('buckhead', 'pulvinar tempor platea tincidunt, lacinia sed quisque adipiscing, sed senectus. ', 'text', 'diam duis litora elementum vestibulum enim rhoncus ut aliquam malesuada, elementum ultricies conubia orci donec curabitur fusce ornare. vivamus vestibulum accumsan massa curabitur pharetra habitasse, fermentum nisl est mattis ac. ', '');
        call addPost('buckhead', 'ornare vel sollicitudin feugiat malesuada consequat, eros condimentum fringilla ut. ', 'text', 'eleifend cursus quisque placerat eros quisque vestibulum eros quisque, tellus tempor rutrum duis ante cras lectus elementum nostra, laoreet libero eu erat lobortis nisi interdum. malesuada elementum nam amet, lacinia. ', '');
        call addPost('buckhead', 'senectus venenatis commodo placerat ultricies fermentum, congue justo varius lobortis. ', 'text', 'cursus feugiat tempor quisque vehicula facilisis fusce curabitur facilisis, mauris potenti diam auctor etiam metus a dui, ad est aptent ligula fames hac curabitur. ut nibh eget amet, pharetra leo. ', '');
        call addPost('buckhead', 'praesent mattis nostra scelerisque commodo fusce, nullam congue dolor mollis. ', 'text', 'ipsum ultricies sociosqu maecenas posuere urna conubia, eget aenean sagittis rutrum sapien eget, nam lobortis fermentum integer morbi. semper nostra quis cursus vivamus, proin cras pulvinar faucibus, vestibulum scelerisque porta. ', '');
        call addPost('buckhead', 'lacinia taciti maecenas vestibulum, justo odio turpis amet, consequat aliquet. ', 'text', 'orci a eget hac duis etiam leo venenatis erat, accumsan viverra dictumst cras lacus fringilla sit amet justo, tellus volutpat malesuada imperdiet proin habitant rutrum. varius cras semper morbi, lobortis. ', '');
        call addPost('buckhead', 'accumsan porta aenean ultrices erat et, fames malesuada ac condimentum. ', 'text', 'aenean turpis malesuada mollis morbi gravida scelerisque class ut donec odio proin fusce habitant, nec aenean enim platea mollis pellentesque augue viverra vestibulum augue at himenaeos. interdum senectus hendrerit, est. ', '');
        call addPost('ballhead', 'metus varius fermentum aliquam gravida risus, pulvinar lacus aenean lorem. ', 'text', 'massa venenatis est magna pulvinar magna ornare viverra lobortis, velit lobortis porttitor ad dapibus dui mollis, nulla primis bibendum nec suspendisse aliquam orci. purus pulvinar dictumst inceptos dictum, nunc nisi. ', '');
        call addPost('ballhead', 'accumsan lobortis pellentesque aenean viverra aliquam, ligula vel quis nullam. ', 'text', 'bibendum euismod per egestas integer vulputate aenean ultrices maecenas, est sapien velit lobortis risus donec nam, ullamcorper maecenas enim diam enim ultricies condimentum. proin hac ultrices iaculis sapien, quam euismod. ', '');
        call addPost('ballhead', 'vivamus aliquet porta praesent nostra quisque, vulputate enim ipsum egestas. ', 'text', 'lacinia quam imperdiet purus mollis etiam enim himenaeos lectus erat vitae, non aliquam egestas congue molestie fermentum scelerisque ornare tempor pellentesque, felis vestibulum aptent nulla fusce vehicula eu senectus molestie. ', '');
        call addPost('ballhead', 'dictum praesent iaculis egestas, aenean morbi vehicula cubilia, suscipit aenean. ', 'text', 'velit netus pharetra eu blandit cubilia nullam augue eget duis tellus, dolor sagittis class maecenas est mauris curabitur varius orci torquent, quis cursus adipiscing himenaeos velit nisi per quis fringilla. ', '');
        call addPost('ballhead', 'elementum commodo convallis tellus, vitae nec imperdiet hendrerit, aliquam semper. ', 'text', 'vulputate mauris hendrerit ad fusce erat porttitor auctor purus, porta duis ornare nullam integer vehicula. commodo sagittis phasellus massa mi viverra tortor mauris est, nibh aenean venenatis convallis eleifend habitant. ', '');
        call addPost('ballhead', 'massa dapibus nullam potenti netus sapien, semper dictum inceptos amet. ', 'text', 'sollicitudin tincidunt mattis cubilia tortor maecenas id fames suspendisse nisi taciti vivamus ut a sapien habitant, sollicitudin praesent in himenaeos suscipit curabitur erat fringilla molestie amet dui cubilia habitant nec. ', '');
        call addPost('ballhead', 'vivamus tristique senectus porta fringilla elementum, pharetra venenatis est tempus. ', 'text', 'elementum purus faucibus varius accumsan vestibulum laoreet, habitasse etiam mauris dictum posuere, mauris bibendum ut taciti torquent. pretium non pulvinar viverra molestie eros leo porta, nostra pulvinar quam et tempus. ', '');
        call addPost('ballhead', 'quisque ultrices platea pharetra orci odio, iaculis netus facilisis risus. ', 'text', 'volutpat ipsum odio faucibus ullamcorper at, habitasse litora potenti pretium potenti aptent, sodales risus pulvinar accumsan. sodales vitae praesent at odio nam eget a, quisque cubilia donec tempus mattis arcu. ', '');
        call addPost('ballhead', 'ligula felis posuere quisque quis urna, fringilla tellus vitae habitant. ', 'text', 'taciti molestie aenean urna hac augue eleifend velit senectus, porta aliquet duis vulputate proin suscipit eros lorem nulla, hendrerit nunc augue suspendisse interdum sed non. adipiscing id ipsum lacinia, condimentum. ', '');
        call addPost('ballhead', 'viverra class consequat facilisis, habitasse urna per sapien, leo ornare. ', 'text', 'litora habitasse dictum odio sagittis sodales vivamus nullam amet vulputate interdum quis pulvinar vulputate, at turpis rhoncus ut eros feugiat tempus nibh luctus accumsan porttitor. habitasse quam eleifend quam, mattis. ', '');
        call addPost('spotters', 'donec feugiat eu vitae, consequat curae venenatis nibh, habitasse potenti. ', 'text', 'purus et purus proin nibh magna egestas facilisis himenaeos hendrerit, eleifend velit fringilla convallis mattis augue blandit quis, vestibulum faucibus hendrerit condimentum cursus aliquam etiam nulla. praesent feugiat torquent, eleifend. ', '');
        call addPost('spotters', 'dapibus luctus dictumst vitae non sem, aenean primis senectus eros. ', 'text', 'blandit varius sed condimentum id nisi feugiat eros quis porttitor aliquam, inceptos ante ipsum in mauris sollicitudin ligula laoreet est congue, lacinia tristique diam laoreet ultricies per consectetur ligula cursus. ', '');
        call addPost('spotters', 'tellus eget orci vivamus ante nullam, ut diam sed nisi. ', 'text', 'eget tincidunt fermentum in habitant duis nec aliquam taciti, dapibus sapien consequat velit tempor laoreet proin, vestibulum nam metus volutpat tristique nec torquent inceptos, egestas iaculis nibh nam sociosqu aptent. ', '');
        call addPost('spotters', 'laoreet gravida consequat lacinia sodales et, aenean curabitur donec hendrerit. ', 'text', 'orci ullamcorper pellentesque mauris cras feugiat commodo lorem ad, risus libero mattis congue aenean aliquam turpis rhoncus mauris, sit nibh laoreet auctor ut imperdiet nisi. posuere eu condimentum gravida, ultrices. ', '');
        call addPost('spotters', 'lorem donec curabitur vehicula lorem magna, vulputate lacinia augue ut. ', 'text', 'sodales sociosqu lectus eu lacus litora senectus nisi platea lobortis taciti, venenatis faucibus arcu id lacinia vivamus platea quis elementum orci, lectus inceptos sapien eget maecenas volutpat nostra adipiscing nibh. ', '');
        call addPost('spotters', 'quisque sollicitudin inceptos metus, pellentesque posuere integer tincidunt, phasellus ullamcorper. ', 'text', 'luctus diam iaculis posuere condimentum aliquam commodo, sollicitudin eros praesent sapien nisl, erat malesuada dolor commodo platea. metus dictumst pharetra ante auctor, pharetra curae tincidunt ornare potenti, dapibus sociosqu tempus. ', '');
        call addPost('spotters', 'iaculis nam est habitant, quis nulla sollicitudin conubia, feugiat curae. ', 'text', 'curae conubia a ad maecenas torquent quisque hendrerit ultrices, phasellus sed dapibus et euismod himenaeos ut, integer pellentesque lorem consectetur nisi ad augue. ultricies sapien donec sit eget, taciti purus. ', '');
        call addPost('spotters', 'tellus maecenas malesuada senectus varius curabitur, volutpat etiam rhoncus per. ', 'text', 'placerat eget varius nam inceptos lobortis ipsum venenatis, risus a ultrices nam mattis enim id sociosqu, sit habitant laoreet lectus vivamus mattis. litora id per aenean massa, rhoncus posuere primis. ', '');
        call addPost('spotters', 'elit porta posuere et dolor dui, scelerisque faucibus fermentum leo. ', 'text', 'bibendum ac risus etiam elementum praesent ut, eros pharetra tempor feugiat ad amet posuere, consequat mi sem amet dui. odio sollicitudin habitasse etiam fringilla litora scelerisque, justo in fusce sociosqu. ', '');
        call addPost('spotters', 'sodales sit lectus vel, feugiat lorem ultricies arcu, duis ornare. ', 'text', 'hendrerit suscipit platea accumsan platea lobortis euismod auctor sagittis auctor vulputate arcu eleifend volutpat mollis elit, aptent curabitur faucibus ut nisi eleifend ante vulputate ac enim curabitur massa dapibus condimentum. ', '');
        call addPost('champ', 'porttitor arcu litora fames vivamus vehicula, sociosqu nam placerat lacinia. ', 'text', 'lacus consectetur ultrices mi a bibendum velit purus leo ut, netus varius tempor accumsan nam nulla libero nam. molestie diam sem arcu curabitur ultricies nulla, hac luctus senectus condimentum porta. ', '');
        call addPost('champ', 'aliquam nulla euismod diam, ipsum mollis sapien ad, vivamus curae. ', 'text', 'purus interdum aptent taciti orci inceptos class lectus pretium, posuere dictum varius mollis hendrerit accumsan scelerisque nunc, sagittis aptent eu magna venenatis vel nam. pellentesque nibh dictum vitae, curabitur mi. ', '');
        call addPost('champ', 'odio rutrum purus elit nisl morbi, nulla laoreet fames libero. ', 'text', 'metus lacinia fringilla auctor eu magna in, iaculis rhoncus nullam rutrum imperdiet, fames odio euismod blandit risus. justo potenti adipiscing accumsan enim euismod lobortis taciti, vivamus volutpat maecenas vestibulum sem. ', '');
        call addPost('champ', 'ut netus nulla iaculis, adipiscing orci neque platea, fringilla nisi. ', 'text', 'venenatis convallis adipiscing viverra sed eget, vitae posuere nec dictumst ipsum, sem aliquam sollicitudin quis. mollis mattis ullamcorper venenatis donec quisque ultricies ipsum senectus, platea ipsum nibh mauris turpis ad. ', '');
        call addPost('champ', 'cubilia aliquam nostra etiam orci curabitur, dapibus vehicula egestas aenean. ', 'text', 'facilisis condimentum laoreet egestas dictumst viverra elementum euismod adipiscing aliquam volutpat, fermentum lacus ullamcorper ultricies morbi turpis commodo facilisis elit nam, porta dui nisi sociosqu velit habitasse blandit lobortis laoreet. ', '');
        call addPost('champ', 'dictumst fames mollis duis adipiscing pharetra, porta malesuada iaculis tellus. ', 'text', 'nam purus mollis lorem eu class curabitur porta aptent aliquet aliquam, adipiscing ultricies tortor sapien tempus velit elit cras pharetra pretium, neque augue lorem est lobortis porttitor imperdiet sit faucibus. ', '');
        call addPost('champ', 'platea amet tincidunt ad suscipit vestibulum, odio sit erat est. ', 'text', 'etiam nullam augue in felis vivamus dui nisi quam a lacinia, posuere sapien odio augue etiam nisi porta ullamcorper vel habitasse, elit etiam felis torquent aliquet hac tempor curae volutpat. ', '');
        call addPost('champ', 'litora diam eget fermentum tristique imperdiet, eleifend donec nullam fusce. ', 'text', 'quam sem varius nam tincidunt vivamus interdum lacinia justo class elementum, curabitur odio pretium malesuada pharetra risus quisque varius auctor diam, sit potenti class potenti sit facilisis porta ultricies ut. ', '');
        call addPost('champ', 'est rhoncus tempus elementum egestas tristique, litora luctus lorem nulla. ', 'text', 'habitant viverra diam torquent risus malesuada scelerisque euismod vivamus fusce, maecenas vulputate consectetur scelerisque nulla elit duis turpis, taciti orci conubia facilisis malesuada donec ullamcorper cras. placerat massa non, mauris. ', '');
        call addPost('champ', 'vitae massa semper curabitur sed quisque, sit dapibus vulputate conubia. ', 'text', 'sit aenean habitasse nullam mattis inceptos, nisi facilisis tristique porttitor vulputate leo, facilisis sagittis sollicitudin pulvinar. donec lorem erat habitasse iaculis varius at class, dictum magna neque primis egestas aliquam. ', '');
        call addPost('chimp', 'donec iaculis augue integer tristique phasellus, iaculis class et curabitur. ', 'text', 'dolor orci quam nibh bibendum commodo lectus duis magna luctus vivamus, fermentum erat blandit aptent elit cras quis curabitur nostra lorem, ut justo suscipit fames rhoncus pretium rhoncus dui fames. ', '');
        call addPost('chimp', 'a porta ipsum massa, interdum imperdiet platea scelerisque, commodo lacinia. ', 'text', 'ligula dapibus hendrerit consequat ullamcorper pharetra purus tellus elit, feugiat odio nunc volutpat suscipit vestibulum dictumst accumsan, eget tellus nam commodo inceptos hendrerit rhoncus. nulla magna tellus dolor, tempus ullamcorper. ', '');
        call addPost('chimp', 'tortor donec curae senectus risus porttitor, in curae dictumst auctor. ', 'text', 'netus donec imperdiet sagittis turpis vulputate pharetra pretium, justo litora fames litora ullamcorper mattis, sapien tellus enim mauris nisl fermentum. lorem donec tincidunt pellentesque fringilla ultricies, leo in et feugiat. ', '');
        call addPost('chimp', 'habitasse enim iaculis et consectetur massa, aliquam mi lacus mattis. ', 'text', 'non nullam donec dolor elit enim justo volutpat tempus mattis neque, ac lacinia dictum porta ante fringilla vivamus ut massa lacinia, curabitur tempus nisi dictumst aliquam viverra commodo blandit mauris. ', '');
        call addPost('chimp', 'cubilia quisque elementum curabitur, volutpat curabitur ante lorem, ullamcorper odio. ', 'text', 'porta lobortis tortor aptent dui metus faucibus per, ante himenaeos iaculis felis nec magna viverra laoreet, fermentum pellentesque morbi adipiscing libero nisl. in pretium senectus vel donec, dapibus risus pellentesque. ', '');
        call addPost('chimp', 'justo id mauris aliquam curae cursus, quam mauris tincidunt cubilia. ', 'text', 'tincidunt mauris consectetur aliquet orci quis lobortis cras dapibus odio fringilla, id ut curabitur sem porta euismod diam feugiat phasellus aliquam, venenatis praesent auctor netus et ad gravida cras nam. ', '');
        call addPost('chimp', 'senectus morbi enim condimentum adipiscing interdum, porta quisque praesent congue. ', 'text', 'nullam lectus iaculis ultrices morbi eu quam tristique quisque, turpis tellus odio inceptos praesent ultrices lacinia dapibus neque, ut praesent in imperdiet cubilia varius aenean. netus praesent congue dolor, euismod. ', '');
        call addPost('chimp', 'mattis varius cursus nunc, vestibulum curae faucibus fames, augue elementum. ', 'text', 'et quis odio a nullam lobortis cras viverra ut non nec, rhoncus pharetra potenti neque sollicitudin mollis dolor donec adipiscing aliquam, platea quisque fringilla hac quam quis eleifend neque nam. ', '');
        call addPost('chimp', 'maecenas class semper aenean elit ultrices, aliquam bibendum dictumst nullam. ', 'text', 'etiam lacinia erat senectus dolor vestibulum ante vestibulum quam laoreet lacinia, turpis mi sollicitudin suscipit lobortis nisi odio eget nisl vestibulum, laoreet primis est torquent interdum proin a hac massa. ', '');
        call addPost('chimp', 'habitant leo libero consectetur pulvinar nisi, taciti ligula tempus ligula. ', 'text', 'erat dictum justo pharetra risus rutrum phasellus a, placerat laoreet vitae phasellus aenean dolor, etiam sit viverra libero et curabitur. dictum ullamcorper malesuada nostra aenean aliquet, phasellus maecenas pretium posuere. ', '');
        call addPost('swinken', 'primis volutpat congue dolor fringilla gravida, orci dictum sem diam. ', 'text', 'inceptos dictumst sapien fringilla pharetra ad aenean donec sem sodales cursus etiam, tortor posuere quis metus tortor purus proin neque curabitur felis. tellus nisl massa curabitur scelerisque, aenean fermentum volutpat. ', '');
        call addPost('swinken', 'semper integer aptent dui scelerisque interdum, fringilla vestibulum libero iaculis. ', 'text', 'condimentum vestibulum proin senectus diam pulvinar aliquam quisque sociosqu dapibus ac, enim tincidunt potenti magna vel pulvinar lacus cubilia justo tristique, aliquam ut porta condimentum tempus tempor vulputate etiam sociosqu. ', '');
        call addPost('swinken', 'commodo turpis et laoreet sem ut, nisl ut iaculis curabitur. ', 'text', 'sapien tortor neque justo neque orci pharetra senectus morbi bibendum gravida, facilisis mi amet turpis non arcu aenean lorem duis quisque, consequat ligula et ligula diam cubilia facilisis fermentum class. ', '');
        call addPost('swinken', 'fames tempus nunc varius phasellus commodo, aptent dapibus porttitor suscipit. ', 'text', 'leo augue vivamus gravida malesuada imperdiet sociosqu est sapien, est laoreet curabitur aenean arcu suscipit gravida malesuada amet, consectetur quis nibh curae litora interdum auctor. rhoncus torquent consequat ut, donec. ', '');
        call addPost('swinken', 'sit praesent curae diam purus bibendum, morbi sollicitudin justo habitant. ', 'text', 'justo tincidunt duis magna dictum posuere massa pharetra aliquam, duis etiam hendrerit fringilla congue dictumst pulvinar, aenean vestibulum sapien metus curae class euismod. aenean sodales cras habitant fermentum, auctor nisi. ', '');
        call addPost('swinken', 'nostra donec iaculis cubilia justo dictumst, amet donec taciti felis. ', 'text', 'odio quis congue dapibus consequat cras et potenti erat fames sapien, litora tristique lacus facilisis faucibus donec taciti eget malesuada. velit himenaeos at consectetur varius eu, posuere nibh litora mollis. ', '');
        call addPost('swinken', 'non libero justo imperdiet molestie est, nisl blandit fringilla phasellus. ', 'text', 'fames felis suspendisse at congue ligula aptent, malesuada sociosqu turpis suspendisse donec sociosqu, purus dapibus mauris potenti nibh, congue torquent lectus magna orci. fusce sapien etiam iaculis suspendisse, convallis aliquam. ', '');
        call addPost('swinken', 'phasellus ornare tortor lacus quam congue, dolor semper nibh felis. ', 'text', 'interdum fringilla enim mauris potenti elementum odio et erat porta etiam, proin senectus facilisis gravida fermentum accumsan sociosqu pretium tellus conubia, vitae lacus consequat aliquet in potenti vulputate quisque in. ', '');
        call addPost('swinken', 'tristique ad molestie dictumst, sapien ultricies rutrum aenean, tempor gravida. ', 'text', 'interdum quis ut mattis lorem massa velit erat taciti elit habitant, cras risus sodales luctus laoreet mattis tincidunt porttitor sodales. maecenas iaculis curabitur elementum interdum erat, tellus aenean sem congue. ', '');
        call addPost('swinken', 'etiam vitae porta feugiat egestas risus, massa turpis vehicula mollis. ', 'text', 'fermentum scelerisque est eu sodales, nec diam primis. curabitur fermentum arcu mollis diam nunc elit elementum, id class fermentum purus malesuada curae cras eros, non eleifend torquent in commodo ut. ', '');
        call addComment('spotters', 2, 'ultricies fermentum bibendum netus dictum a, etiam consectetur suspendisse sem. ');call addComment('swinken', 5, 'nisi ad rhoncus ut, platea aliquam lacinia curabitur, enim gravida. ');call addComment('manboy', 7, 'tortor neque arcu vel purus senectus, platea viverra litora fusce. ');call addComment('tatsoo', 6, 'velit leo vivamus phasellus pellentesque posuere, tincidunt torquent vehicula sed. ');call addComment('b4oshany', 6, 'quisque pharetra ut potenti laoreet magna, rhoncus bibendum donec vulputate. ');call addComment('ballhead', 1, 'sem venenatis aliquet a ut ullamcorper, dui morbi scelerisque ipsum. ');call addComment('tatsoo', 5, 'luctus nunc quam mattis a enim, senectus condimentum aenean quisque. ');call addComment('wowslide', 5, 'litora eget curabitur rutrum nibh augue, sem proin bibendum tincidunt. ');call addComment('swinken', 6, 'non pharetra quis sagittis nisl faucibus, dui fringilla sociosqu diam. ');call addComment('buckhead', 2, 'ac ut nam non ligula congue, blandit quisque risus faucibus. ');call addComment('chimp', 1, 'fames dui nibh eros imperdiet sollicitudin, amet potenti fames mollis. ');call addComment('b4oshany', 3, 'egestas tellus pellentesque curabitur feugiat turpis, semper magna tempor sodales. ');call addComment('swinken', 6, 'lectus dapibus odio fringilla turpis libero, etiam sapien nisl aliquet. ');call addComment('tatsoo', 1, 'nullam fusce quisque vitae vivamus a, eu suspendisse vel bibendum. ');call addComment('theteach', 8, 'ipsum dictumst morbi litora metus porttitor, volutpat posuere sagittis ultrices. ');call addComment('shottas', 5, 'per aliquam cras quisque ultrices phasellus, molestie nostra donec ligula. ');call addComment('shottas', 2, 'eros dui donec pretium, nunc ultricies metus proin, volutpat lacinia. ');call addComment('b4oshany', 5, 'mi quam rutrum senectus platea faucibus, mollis id habitant libero. ');call addComment('manboy', 1, 'convallis a felis fames, faucibus ornare aliquet maecenas, inceptos mauris. ');call addComment('swinken', 3, 'risus porta dui iaculis, turpis lacus est donec, aenean netus. ');call addComment('chimp', 3, 'enim non duis ultrices enim porta, nisi semper orci aliquam. ');call addComment('swinken', 7, 'per etiam ligula nam donec vehicula, nibh cursus aenean duis. ');call addComment('spotters', 1, 'per ultricies vestibulum adipiscing nibh interdum, nostra etiam potenti facilisis. ');call addComment('theteach', 6, 'sapien varius urna suspendisse auctor est, ligula convallis habitant nulla. ');call addComment('ballhead', 3, 'eget magna hendrerit per, pharetra vulputate curabitur sagittis, justo adipiscing. ');call addComment('theteach', 3, 'nec varius venenatis in facilisis rutrum, erat quisque faucibus netus. ');call addComment('buckhead', 6, 'morbi erat commodo fusce primis nostra, fames eu pharetra vel. ');call addComment('theteach', 5, 'vulputate accumsan condimentum netus dictum donec, scelerisque odio suscipit vehicula. ');call addComment('shany', 4, 'pretium volutpat dolor platea eros ornare, magna lacus neque urna. ');call addComment('ballhead', 4, 'tincidunt nostra facilisis per faucibus curabitur, ipsum volutpat blandit sollicitudin. ');call addComment('champ', 2, 'curabitur phasellus vulputate quis, augue quisque hendrerit suspendisse, facilisis massa. ');call addComment('champ', 8, 'maecenas quam aliquet semper curabitur ac, vulputate inceptos vestibulum fringilla. ');call addComment('kimmie2string', 7, 'proin sem dictumst adipiscing diam inceptos, venenatis rhoncus purus aliquet. ');call addComment('chimp', 7, 'cubilia sodales rhoncus augue, consequat dictum luctus vulputate, facilisis dictumst. ');call addComment('shottas', 2, 'lacinia est aliquet dui euismod lectus, felis curae ante nulla. ');call addComment('swinken', 1, 'primis dictum consectetur dui, quisque risus senectus inceptos, id vulputate. ');call addComment('swinken', 4, 'hendrerit torquent ut varius aenean blandit, mauris curabitur auctor taciti. ');call addComment('msheather', 4, 'praesent eleifend eget torquent tristique urna, consectetur dapibus primis curabitur. ');call addComment('buckhead', 3, 'posuere donec est cursus, class fermentum curabitur nisi, molestie erat. ');call addComment('manboy', 7, 'sagittis augue habitant vel tellus quisque, egestas pharetra congue aliquam. ');call addComment('manboy', 1, 'nullam rhoncus et purus aliquam lacinia, ligula erat aptent gravida. ');call addComment('buckhead', 7, 'nisi ac lectus curabitur nullam nibh, placerat mauris vulputate etiam. ');call addComment('spotters', 4, 'lobortis lectus a sollicitudin nisl venenatis, vehicula mi curabitur commodo. ');call addComment('swinken', 1, 'phasellus congue fringilla placerat risus ligula, rutrum arcu fames lacinia. ');call addComment('wowslide', 4, 'dictumst habitasse porttitor ut condimentum lectus, convallis taciti gravida habitant. ');call addComment('wowslide', 7, 'luctus lacus etiam ac libero potenti, vehicula fames nibh gravida. ');call addComment('wowslide', 1, 'maecenas nisi ac faucibus sodales aliquam, nullam malesuada vitae fames. ');call addComment('ballhead', 4, 'etiam vel posuere vestibulum molestie accumsan, blandit donec massa auctor. ');call addComment('ballhead', 8, 'pharetra justo nullam non neque ligula, porta phasellus vivamus aliquam. ');call addComment('msheather', 2, 'bibendum ad rhoncus blandit, curabitur ultricies massa sem, ullamcorper volutpat. ');call addComment('manboy', 4, 'aliquet feugiat fermentum ut mattis ut, viverra turpis neque scelerisque. ');call addComment('chimp', 8, 'lobortis lacinia eleifend varius ullamcorper fames, metus per fames mollis. ');call addComment('b4oshany', 3, 'fusce leo imperdiet tristique nec ut, fusce sit quis aenean. ');call addComment('swinken', 3, 'dictum leo id leo ut netus, potenti odio sit tincidunt. ');call addComment('msheather', 8, 'metus pharetra auctor scelerisque ligula ipsum, hendrerit cursus tempor magna. ');call addComment('shany', 4, 'nam felis pharetra euismod posuere mattis, ligula sapien volutpat aptent. ');call addComment('champ', 2, 'tincidunt tempor dictum hac arcu eu, lectus ante vulputate dolor. ');
            insert into groups(group_id, group_name) values('volutpat. ', 'ante quis facilisis mattis. ');
    insert into group_creator(group_id, owner_id) values('volutpat. ', 'b4oshany');
        
            insert into groups(group_id, group_name) values('tempor. ', 'lobortis pellentesque neque, class. ');
    insert into group_creator(group_id, owner_id) values('tempor. ', 'britts');
        
            insert into groups(group_id, group_name) values('curabitur. ', 'potenti tempus platea, massa. ');
    insert into group_creator(group_id, owner_id) values('curabitur. ', 'msheather');
        
            insert into groups(group_id, group_name) values('morbi. ', 'magna et ut, quam. ');
    insert into group_creator(group_id, owner_id) values('morbi. ', 'manboy');
        
            insert into groups(group_id, group_name) values('sit. ', 'risus eget scelerisque, nam. ');
    insert into group_creator(group_id, owner_id) values('sit. ', 'theteach');
        
            insert into groups(group_id, group_name) values('vulputate. ', 'per dapibus mattis, torquent. ');
    insert into group_creator(group_id, owner_id) values('vulputate. ', 'tatsoo');
        
            insert into groups(group_id, group_name) values('vivamus. ', 'maecenas placerat iaculis, ultricies. ');
    insert into group_creator(group_id, owner_id) values('vivamus. ', 'wowslide');
        
                insert into add_editors(group_id, editor_id) values('volutpat. ','britts');
            
                insert into add_editors(group_id, editor_id) values('volutpat. ','msheather');
            
                insert into add_editors(group_id, editor_id) values('volutpat. ','manboy');
            
                insert into add_editors(group_id, editor_id) values('volutpat. ','tatsoo');
            
                insert into add_editors(group_id, editor_id) values('tempor. ','msheather');
            
                insert into add_editors(group_id, editor_id) values('tempor. ','theteach');
            
                insert into add_editors(group_id, editor_id) values('curabitur. ','britts');
            
                insert into add_editors(group_id, editor_id) values('curabitur. ','manboy');
            
                insert into add_editors(group_id, editor_id) values('curabitur. ','tatsoo');
            
                insert into add_editors(group_id, editor_id) values('morbi. ','britts');
            
                insert into add_editors(group_id, editor_id) values('morbi. ','msheather');
            
                insert into add_editors(group_id, editor_id) values('morbi. ','tatsoo');
            
                insert into add_editors(group_id, editor_id) values('sit. ','britts');
            
                insert into add_editors(group_id, editor_id) values('sit. ','manboy');
            
                insert into add_editors(group_id, editor_id) values('sit. ','tatsoo');
            
                insert into add_editors(group_id, editor_id) values('sit. ','kimmie2string');
            
                insert into add_editors(group_id, editor_id) values('vulputate. ','britts');
            
                insert into add_editors(group_id, editor_id) values('vulputate. ','msheather');
            
                insert into add_editors(group_id, editor_id) values('vulputate. ','manboy');
            
                insert into add_editors(group_id, editor_id) values('vulputate. ','theteach');
            
                insert into add_editors(group_id, editor_id) values('vivamus. ','britts');
            
                insert into add_editors(group_id, editor_id) values('vivamus. ','msheather');
            
                insert into add_editors(group_id, editor_id) values('vivamus. ','tatsoo');
            
                insert into add_editors(group_id, editor_id) values('vivamus. ','kimmie2string');
            
                insert into add_member(user_id, group_id) values('britts','volutpat. ');
            
                insert into add_member(user_id, group_id) values('msheather','volutpat. ');
            
                insert into add_member(user_id, group_id) values('manboy','volutpat. ');
            
                insert into add_member(user_id, group_id) values('tatsoo','volutpat. ');
            
                insert into add_member(user_id, group_id) values('msheather','tempor. ');
            
                insert into add_member(user_id, group_id) values('theteach','tempor. ');
            
                insert into add_member(user_id, group_id) values('britts','curabitur. ');
            
                insert into add_member(user_id, group_id) values('manboy','curabitur. ');
            
                insert into add_member(user_id, group_id) values('tatsoo','curabitur. ');
            
                insert into add_member(user_id, group_id) values('britts','morbi. ');
            
                insert into add_member(user_id, group_id) values('msheather','morbi. ');
            
                insert into add_member(user_id, group_id) values('tatsoo','morbi. ');
            
                insert into add_member(user_id, group_id) values('britts','sit. ');
            
                insert into add_member(user_id, group_id) values('manboy','sit. ');
            
                insert into add_member(user_id, group_id) values('tatsoo','sit. ');
            
                insert into add_member(user_id, group_id) values('kimmie2string','sit. ');
            
                insert into add_member(user_id, group_id) values('britts','vulputate. ');
            
                insert into add_member(user_id, group_id) values('msheather','vulputate. ');
            
                insert into add_member(user_id, group_id) values('manboy','vulputate. ');
            
                insert into add_member(user_id, group_id) values('theteach','vulputate. ');
            
                insert into add_member(user_id, group_id) values('britts','vivamus. ');
            
                insert into add_member(user_id, group_id) values('msheather','vivamus. ');
            
                insert into add_member(user_id, group_id) values('tatsoo','vivamus. ');
            
                insert into add_member(user_id, group_id) values('kimmie2string','vivamus. ');
            call addGroupPost('volutpat. ','britts', 'tincidunt interdum odio sociosqu non suspendisse, quisque fringilla ut metus. ', 'text', 'nec integer consectetur nisi netus mauris turpis mauris pulvinar cras sapien, torquent vehicula taciti blandit mattis nisl curabitur faucibus lectus neque, ad egestas blandit ut torquent mauris ad accumsan congue. ', '');
            call addGroupPost('volutpat. ','msheather', 'imperdiet nibh imperdiet aliquet urna etiam, mattis urna non condimentum. ', 'text', 'a condimentum tempus scelerisque netus augue turpis congue, dolor malesuada nulla semper augue diam imperdiet, ornare at etiam pharetra inceptos himenaeos. dolor aliquam quisque consectetur fringilla vestibulum, condimentum duis morbi. ', '');
            call addGroupPost('volutpat. ','manboy', 'litora congue elementum blandit, sed amet aenean augue, felis at. ', 'text', 'torquent sem arcu maecenas risus lacus ullamcorper orci ultricies ad vel, neque nec dui posuere massa duis mi euismod tempus amet, eros mollis nullam massa odio vulputate hendrerit ut curae. ', '');
            call addGroupPost('volutpat. ','tatsoo', 'aenean luctus scelerisque sollicitudin sem senectus, non lacinia quis congue. ', 'text', 'aliquet tristique turpis nunc nisi aliquam sapien praesent quisque ac gravida, sed eget in ipsum maecenas ut iaculis mauris risus magna, leo nostra eros enim porttitor etiam ut pulvinar tempus. ', '');
            call addGroupPost('tempor. ','msheather', 'sodales potenti eu posuere quisque lacinia, augue lacinia sem aliquam. ', 'text', 'himenaeos aenean tempor augue massa id dolor elit vehicula sodales metus, lacus inceptos sollicitudin tristique torquent commodo massa auctor conubia nec, class diam quis venenatis imperdiet accumsan conubia turpis metus. ', '');
            call addGroupPost('tempor. ','theteach', 'varius litora aenean donec aenean phasellus, in lacinia ut facilisis. ', 'text', 'maecenas leo porttitor massa dictum vitae nibh, vitae porta euismod consectetur inceptos sapien, bibendum quis hac pulvinar nulla. nisl vivamus fusce ligula ultricies iaculis porttitor, torquent tincidunt vitae himenaeos pretium. ', '');
            call addGroupPost('curabitur. ','britts', 'eleifend iaculis porta neque iaculis commodo, dui conubia congue velit. ', 'text', 'volutpat eleifend taciti nisl elementum egestas tristique curabitur lectus, suscipit lacus lectus pellentesque tortor convallis duis velit, primis consequat integer commodo urna augue ac. curabitur erat quis cursus, nullam phasellus. ', '');
            call addGroupPost('curabitur. ','manboy', 'ullamcorper scelerisque ligula fusce, egestas pellentesque scelerisque lacinia, iaculis dui. ', 'text', 'arcu blandit nam etiam maecenas nisi rutrum eleifend nec malesuada adipiscing, suscipit mattis ultrices amet arcu torquent tincidunt blandit purus ut, dapibus per torquent netus erat a ac vel suscipit. ', '');
            call addGroupPost('curabitur. ','tatsoo', 'ornare molestie urna non nisl litora, ultricies pharetra ut integer. ', 'text', 'lorem commodo laoreet placerat scelerisque mollis euismod ullamcorper malesuada netus, blandit primis bibendum duis aenean id etiam litora, amet odio libero dolor habitasse blandit ipsum interdum. feugiat donec senectus, litora. ', '');
            call addGroupPost('morbi. ','britts', 'elementum amet lacus cubilia imperdiet etiam, nostra mauris lectus elit. ', 'text', 'eget rhoncus ligula aenean purus class neque porta mauris praesent augue, sed nec libero mi euismod nulla amet phasellus neque dictumst, habitasse pulvinar inceptos tristique consequat ultricies commodo mattis egestas. ', '');
            call addGroupPost('morbi. ','msheather', 'class cras augue proin a netus, curabitur rutrum semper nunc. ', 'text', 'mattis pulvinar quam blandit congue adipiscing platea quisque tortor, phasellus proin vehicula nunc orci torquent magna blandit litora, risus nisl tincidunt tempus eu et sagittis. ipsum habitasse molestie nisl, volutpat. ', '');
            call addGroupPost('morbi. ','tatsoo', 'amet laoreet habitant lacinia faucibus facilisis, lobortis dui fusce consequat. ', 'text', 'fermentum urna tristique rutrum per nulla blandit litora, libero suspendisse massa diam suscipit volutpat, leo primis cursus molestie nulla pretium. donec curabitur etiam sapien, ad urna per mollis, vel sed. ', '');
            call addGroupPost('sit. ','britts', 'hendrerit quisque etiam tempus curae metus, erat duis mi est. ', 'text', 'platea odio feugiat mi ultrices malesuada lobortis velit luctus, mauris senectus ad porta nisl maecenas cursus, integer mi felis rhoncus pretium luctus rutrum mattis, lorem feugiat ligula ut tempus ipsum. ', '');
            call addGroupPost('sit. ','manboy', 'ante fermentum in condimentum orci tellus, viverra mi nostra habitant. ', 'text', 'pharetra nullam euismod mi velit netus suspendisse eros litora ullamcorper est, inceptos mi condimentum ad faucibus venenatis scelerisque vulputate elementum sollicitudin, sit mauris dapibus cursus cubilia eget feugiat accumsan orci. ', '');
            call addGroupPost('sit. ','tatsoo', 'ultricies dui nisl viverra, tempus molestie vestibulum nunc, dui eu. ', 'text', 'bibendum ut purus vitae urna duis est tincidunt, senectus eleifend sem enim pulvinar tincidunt vivamus elementum, nulla consectetur hendrerit volutpat magna ante. malesuada odio eu taciti vehicula, ipsum platea curabitur. ', '');
            call addGroupPost('sit. ','kimmie2string', 'ac sodales habitant himenaeos elit ultrices, egestas at in vivamus. ', 'text', 'ultricies donec habitant euismod habitant curabitur nulla odio mollis est luctus, vestibulum eu tristique mauris torquent congue semper eleifend sollicitudin aenean, per mollis lacinia curabitur tempus et molestie ultrices aliquet. ', '');
            call addGroupPost('vulputate. ','britts', 'ac donec molestie potenti eget quam, vitae phasellus id class. ', 'text', 'platea ultrices mauris praesent leo quisque, lobortis torquent et ligula. vivamus enim fames nec pharetra auctor vulputate mattis orci sodales eu, class congue torquent eros at quis luctus eleifend fames. ', '');
            call addGroupPost('vulputate. ','msheather', 'fames lacinia gravida orci phasellus duis, cubilia varius odio consectetur. ', 'text', 'vehicula nibh urna primis velit gravida tincidunt arcu proin curabitur, metus curae conubia lobortis donec felis tortor elementum, habitant amet torquent eu felis cursus ipsum neque. ac ullamcorper placerat, purus. ', '');
            call addGroupPost('vulputate. ','manboy', 'nisi eros sem potenti dapibus purus, ultrices habitant in urna. ', 'text', 'lacinia ut ligula scelerisque malesuada, lorem interdum metus fringilla sapien, maecenas lobortis justo. proin quis ultrices himenaeos faucibus dictumst velit faucibus nec massa, aliquam viverra lobortis vivamus non volutpat augue. ', '');
            call addGroupPost('vulputate. ','theteach', 'nostra quis ut mattis egestas consequat, gravida suspendisse rhoncus proin. ', 'text', 'class lacus diam duis lacinia turpis euismod platea gravida, proin iaculis suspendisse curabitur magna ultricies nibh integer eleifend, nullam accumsan nec quis praesent eros senectus. venenatis quisque volutpat ullamcorper, ipsum. ', '');
            call addGroupPost('vivamus. ','britts', 'tortor tempor proin ornare urna rhoncus, himenaeos nunc donec iaculis. ', 'text', 'nullam conubia nisi lacinia dapibus luctus, risus aliquet eget himenaeos sem lacinia, suspendisse netus fermentum nisl. tempor senectus praesent mattis arcu massa, ornare sapien magna cursus, curae convallis consectetur dolor. ', '');
            call addGroupPost('vivamus. ','msheather', 'metus nisl ac mi vulputate ut, amet lectus vitae nunc. ', 'text', 'libero morbi justo metus donec aliquam congue netus viverra morbi tortor nisi, venenatis libero platea bibendum integer pretium lorem libero venenatis. faucibus ornare leo nunc egestas aenean, eget aliquet erat. ', '');
            call addGroupPost('vivamus. ','tatsoo', 'erat imperdiet hac in dolor luctus, pulvinar aenean ac praesent. ', 'text', 'sodales ut justo quis nunc tristique commodo leo lorem, augue inceptos quisque etiam hendrerit sociosqu proin integer, molestie nisi morbi id nec lectus egestas. erat cursus massa ad, dictum faucibus. ', '');
            call addGroupPost('vivamus. ','kimmie2string', 'dui vestibulum congue dolor aenean auctor, convallis curae sodales ante. ', 'text', 'nec mollis himenaeos cubilia placerat nullam tincidunt, sed maecenas metus at tincidunt iaculis mollis, donec orci hendrerit sodales ac. consectetur lorem leo senectus congue blandit rhoncus, lectus gravida condimentum amet. ', '');
            